197;3000;Вертолет - Выигрыш: Большая плюшевая игрушка
d7;216351;16516315 - Выигрыш: Радиоуправляемый вертолет
35;2500;Олег Гильманов - Выигрыш: Большая плюшевая игрушка
f3;19541;6516 - Выигрыш: Радиоуправляемый вертолет
34;400;Ольга Гильманова - Выигрыш: Маленькая плюшевая игрушка
b6;2020;326350 - Выигрыш: Большая плюшевая игрушка
1d;51651;35161 - Выигрыш: Радиоуправляемый вертолет
44b7;56000;Олег Тест - Выигрыш: Радиоуправляемый вертолет
1816;3000;Тимофей Выхованец - Выигрыш: Большая плюшевая игрушка
7601;3500;длывтадлыватьп - Выигрыш: Большая плюшевая игрушка
